runner_index,env_index,episode,episode_id,scenario_name,scenario_index,outcome,end_condition,primary_cause,dominant_penalty,suggested_params,steps,total_reward,initial_altitude_m,initial_kcas,initial_roll_deg,initial_pitch_deg,mean_distance_m,min_distance_m,final_distance_m,final_altitude_m,minimum_altitude_m,final_kcas,final_roll_deg,final_pitch_deg,final_ata_deg,final_aa_deg,wez_steps,altitude_penalty_steps,safety_override_steps,ownship_damage,target_damage,ownship_health,target_health,reward_safety,reward_control_stability,reward_attack_range,reward_far_range,reward_damage,reward_terminal
1,0,1,runner_1_env_0_episode_1,track_right_ata6_range1200,3.0,draw,max time out,balanced_or_unclear,range,change only one small parameter and compare,400,-359.134061,3071.413,228.514,4.225,-2.205,1623.225,966.961,1588.981,3049.297,3049.297,309.281,8.235,-3.166,0.275,1.014,0,0,1,0.0,0.0,1.0,1.0,0.0,0.0,0.0,0.0,0.0,-30.0
1,0,2,runner_1_env_0_episode_2,wez_right_range1000_high,2.0,draw,max time out,balanced_or_unclear,range,change only one small parameter and compare,400,-568.187009,3013.391,223.679,1.41,-2.377,1913.989,716.989,1958.493,3353.421,2983.325,284.691,-68.901,1.608,0.057,24.824,0,0,1,0.0,0.0,1.0,1.0,0.0,0.0,0.0,0.0,0.0,-30.0
1,0,3,runner_1_env_0_episode_3,wez_right_range800,1.0,draw,max time out,balanced_or_unclear,range,change only one small parameter and compare,400,-767.828272,3032.827,233.71,1.826,1.606,2729.37,542.713,2988.879,3234.884,3029.725,325.126,-53.24,2.325,17.74,10.465,0,0,1,0.0,0.0,1.0,1.0,0.0,0.0,0.0,0.0,0.0,-30.0
1,0,4,runner_1_env_0_episode_4,wez_right_range800,1.0,win,max time out,balanced_or_unclear,range,change only one small parameter and compare,400,-132.502291,3044.35,231.189,3.089,0.394,1494.566,568.473,1505.679,3074.471,3043.357,304.188,-8.717,0.224,0.448,0.151,2,0,1,0.0,0.0,1.0,0.990723,0.0,0.0,0.0,0.0,0.185532,100.0
1,0,5,runner_1_env_0_episode_5,track_right_ata6_range1200,3.0,draw,max time out,balanced_or_unclear,range,change only one small parameter and compare,400,-286.591858,3078.824,229.749,1.448,0.656,1546.048,835.651,1476.518,3065.136,3064.954,305.114,-8.082,-0.023,0.087,0.027,0,0,1,0.0,0.0,1.0,1.0,0.0,0.0,0.0,0.0,0.0,-30.0
1,0,6,runner_1_env_0_episode_6,wez_right_range650,0.0,draw,max time out,balanced_or_unclear,range,change only one small parameter and compare,400,-281.031235,3059.935,222.135,2.08,1.507,1503.554,450.118,1489.254,3057.883,3049.676,303.417,-23.022,-2.176,0.626,0.057,0,0,1,0.0,0.0,1.0,1.0,0.0,0.0,0.0,0.0,0.0,-30.0
1,0,7,runner_1_env_0_episode_7,track_right_ata6_range1200,3.0,draw,max time out,balanced_or_unclear,range,change only one small parameter and compare,400,-311.000609,3074.485,231.138,-1.781,0.304,1576.444,856.14,1548.813,3071.927,3055.622,304.548,-24.317,0.216,0.419,0.057,0,0,1,0.0,0.0,1.0,1.0,0.0,0.0,0.0,0.0,0.0,-30.0
1,0,8,runner_1_env_0_episode_8,recovery_ata12_range1600,5.0,draw,max time out,balanced_or_unclear,range,change only one small parameter and compare,400,-768.810588,3046.386,222.392,5.525,4.717,2518.107,1155.383,2641.054,3438.625,2887.634,264.834,66.504,3.426,0.538,32.358,0,0,1,0.0,0.0,1.0,1.0,0.0,0.0,0.0,0.0,0.0,-30.0
1,0,9,runner_1_env_0_episode_9,wez_right_range650,0.0,draw,max time out,balanced_or_unclear,range,change only one small parameter and compare,400,-323.338181,3045.782,229.543,-3.082,-1.208,1561.061,468.385,1550.225,3061.967,3039.798,306.761,5.151,0.623,0.023,0.166,0,0,1,0.0,0.0,1.0,1.0,0.0,0.0,0.0,0.0,0.0,-30.0
1,0,10,runner_1_env_0_episode_10,recovery_ata12_range1600,5.0,draw,max time out,balanced_or_unclear,range,change only one small parameter and compare,400,-791.782678,3025.796,222.547,8.338,1.951,2642.26,1189.555,3651.975,3688.877,3013.762,302.954,74.911,3.785,33.109,9.514,0,0,1,0.0,0.0,1.0,1.0,0.0,0.0,0.0,-0.304749,0.0,-30.0
1,0,11,runner_1_env_0_episode_11,wez_right_range650,0.0,draw,max time out,balanced_or_unclear,range,change only one small parameter and compare,400,-444.611784,3062.257,227.28,-4.157,-1.477,1727.298,477.333,1783.52,3074.832,3055.049,305.629,5.976,0.029,0.005,0.321,0,0,1,0.0,0.0,1.0,1.0,0.0,0.0,0.0,0.0,0.0,-30.0
1,0,12,runner_1_env_0_episode_12,track_right_ata6_range1200,3.0,draw,max time out,balanced_or_unclear,range,change only one small parameter and compare,400,-372.365306,3047.786,227.434,3.539,-0.669,1657.901,808.92,1711.632,3260.315,3043.843,301.822,40.028,-0.113,0.593,3.459,0,0,1,0.0,0.0,1.0,1.0,0.0,0.0,0.0,0.0,0.0,-30.0
1,0,13,runner_1_env_0_episode_13,recovery_ata12_range1600,5.0,draw,max time out,balanced_or_unclear,range,change only one small parameter and compare,400,-629.008603,3041.858,220.335,9.451,3.918,1998.802,1240.246,2042.178,3317.002,3041.858,303.108,-42.4,0.358,0.599,6.73,0,0,1,0.0,0.0,1.0,1.0,0.0,0.0,0.0,0.0,0.0,-30.0
1,0,14,runner_1_env_0_episode_14,track_left_range900,4.0,win,max time out,balanced_or_unclear,range,change only one small parameter and compare,400,-165.743284,3016.005,229.132,-1.37,0.071,1541.376,627.844,1461.269,3078.012,3016.005,299.095,25.811,-1.94,0.745,0.15,2,0,1,0.0,0.0,1.0,0.997114,0.0,0.0,0.0,0.0,0.057712,100.0
1,0,15,runner_1_env_0_episode_15,wez_right_range1000_high,2.0,win,max time out,balanced_or_unclear,range,change only one small parameter and compare,400,-177.396758,3067.869,222.547,0.623,-2.586,1572.307,644.685,1545.286,3057.617,2943.282,303.365,-13.643,-1.315,0.073,0.259,2,0,1,0.0,0.0,1.0,0.996969,0.0,0.0,0.0,0.0,0.060625,100.0
1,0,16,runner_1_env_0_episode_16,wez_right_range800,1.0,win,max time out,balanced_or_unclear,range,change only one small parameter and compare,400,-402.148895,3052.63,230.623,4.468,0.93,1856.203,522.735,1884.437,3064.218,2945.36,306.452,-12.263,1.365,0.149,0.496,4,0,1,0.0,0.0,1.0,0.966555,0.0,0.0,0.0,0.0,0.668903,100.0
1,0,17,runner_1_env_0_episode_17,wez_right_range800,1.0,win,max time out,balanced_or_unclear,range,change only one small parameter and compare,400,-399.427354,3082.224,229.132,2.593,-1.595,1848.314,585.682,1822.784,3335.172,3004.221,284.948,-74.179,1.097,1.948,23.056,1,0,1,0.0,0.0,1.0,0.999397,0.0,0.0,0.0,0.0,0.012061,100.0
1,0,18,runner_1_env_0_episode_18,wez_right_range800,1.0,win,max time out,balanced_or_unclear,range,change only one small parameter and compare,400,-228.756278,3021.81,229.389,3.338,0.43,1619.662,516.818,1641.26,3067.395,3021.81,306.452,-9.721,0.307,0.121,0.13,3,0,1,0.0,0.0,1.0,0.97261,0.0,0.0,0.0,0.0,0.547808,100.0
1,0,19,runner_1_env_0_episode_19,wez_right_range800,1.0,win,max time out,balanced_or_unclear,range,change only one small parameter and compare,400,-320.945509,3079.616,233.504,-1.722,-2.684,1733.967,483.813,1779.74,3091.109,2954.614,301.616,-8.375,0.867,0.126,0.2,3,0,1,0.0,0.0,1.0,0.982885,0.0,0.0,0.0,0.0,0.342294,100.0
1,0,20,runner_1_env_0_episode_20,wez_right_range800,1.0,draw,max time out,balanced_or_unclear,range,change only one small parameter and compare,400,-302.030643,3021.458,230.006,1.292,-2.908,1549.547,559.539,1626.882,3316.299,3008.322,299.353,45.334,0.761,0.771,5.58,0,0,1,0.0,0.0,1.0,1.0,0.0,0.0,0.0,0.0,0.0,-30.0
1,0,21,runner_1_env_0_episode_21,wez_right_range650,0.0,draw,max time out,balanced_or_unclear,range,change only one small parameter and compare,400,-523.635619,3078.858,223.884,-1.945,1.056,1826.714,461.654,1845.03,3296.419,3047.126,284.177,-72.239,1.399,1.077,23.243,0,0,1,0.0,0.0,1.0,1.0,0.0,0.0,0.0,0.0,0.0,-30.0
1,0,22,runner_1_env_0_episode_22,wez_right_range650,0.0,win,max time out,balanced_or_unclear,range,change only one small parameter and compare,400,-397.32695,3040.684,227.845,-4.473,0.713,1825.003,436.844,1874.828,3306.099,2982.38,282.942,-73.149,1.3,1.826,22.838,1,0,1,0.0,0.0,1.0,0.997112,0.0,0.0,0.0,0.0,0.057769,100.0
1,0,23,runner_1_env_0_episode_23,track_right_ata6_range1200,3.0,draw,max time out,balanced_or_unclear,range,change only one small parameter and compare,400,-298.598068,3020.149,228.771,1.172,0.448,1555.769,837.179,1561.753,3216.801,3020.149,309.59,-37.752,0.525,0.475,3.461,0,0,1,0.0,0.0,1.0,1.0,0.0,0.0,0.0,0.0,0.0,-30.0
1,0,24,runner_1_env_0_episode_24,recovery_ata12_range1600,5.0,draw,max time out,balanced_or_unclear,range,change only one small parameter and compare,400,-770.567274,3034.042,224.244,6.821,2.819,2530.307,1152.721,2577.527,3431.776,2951.034,277.283,71.822,2.884,1.071,31.166,0,0,1,0.0,0.0,1.0,1.0,0.0,0.0,0.0,0.0,0.0,-30.0
1,0,25,runner_1_env_0_episode_25,track_left_range900,4.0,draw,max time out,balanced_or_unclear,range,change only one small parameter and compare,400,-112.750629,3040.341,229.08,-1.681,-1.597,1305.027,679.403,1323.031,3269.913,3039.483,290.247,35.25,0.275,0.143,3.779,0,0,1,0.0,0.0,1.0,1.0,0.0,0.0,0.0,0.0,0.0,-30.0
