iter,sampled_steps,episodes,reward_mean,ep_len_mean,win_rate,loss_rate,timeout_rate,crash_rate,ep_wez_steps,ep_mean_distance,ep_min_distance,ep_reward_pursuit,ep_reward_damage,ep_reward_safety,ep_reward_survival,ep_altitude_penalty_steps,initial_scenario_index,initial_alpha_deg,initial_ata_deg,initial_aa_deg,initial_distance_m,final_ata_deg,final_aa_deg,headon_guard_fail,action_roll_mean,action_pitch_mean,action_rudder_mean,action_throttle_mean,action_roll_std,action_pitch_std,action_rudder_std,action_throttle_std,action_sat_rate,gate_active_rate,target_health_loss,ownship_health_loss,policy_loss,vf_loss,entropy,kl,clip_frac,explained_var,actor_loss,critic_loss,alpha_loss,alpha,target_entropy,replay_buffer_size,replay_buffer_memory_mb,env_steps_per_sec,learner_steps_per_sec,iteration_time_s
0,100.0,0.0,n/a,n/a,n/a,n/a,n/a,n/a,n/a,n/a,n/a,n/a,n/a,n/a,n/a,n/a,n/a,n/a,n/a,n/a,n/a,n/a,n/a,n/a,n/a,n/a,n/a,n/a,n/a,n/a,n/a,n/a,n/a,n/a,n/a,n/a,n/a,n/a,n/a,n/a,n/a,n/a,n/a,n/a,n/a,n/a,n/a,100,1.3811044692993164,n/a,n/a,1.6403777599334717
1,200.0,0.0,n/a,n/a,n/a,n/a,n/a,n/a,n/a,n/a,n/a,n/a,n/a,n/a,n/a,n/a,n/a,n/a,n/a,n/a,n/a,n/a,n/a,n/a,n/a,n/a,n/a,n/a,n/a,n/a,n/a,n/a,n/a,n/a,n/a,n/a,n/a,n/a,n/a,n/a,n/a,n/a,n/a,n/a,n/a,n/a,n/a,200,1.394993782043457,n/a,n/a,1.3483362197875977
2,300.0,0.0,n/a,n/a,n/a,n/a,n/a,n/a,n/a,n/a,n/a,n/a,n/a,n/a,n/a,n/a,n/a,n/a,n/a,n/a,n/a,n/a,n/a,n/a,n/a,n/a,n/a,n/a,n/a,n/a,n/a,n/a,n/a,n/a,n/a,n/a,n/a,n/a,n/a,n/a,n/a,n/a,n/a,n/a,n/a,n/a,n/a,300,1.4041681289672852,n/a,n/a,1.4643573760986328
3,400.0,1.0,-364.36345800764184,400.0,0.0,0.0,0.0,0.0,0.0,1623.2250052047066,966.961119308305,n/a,0.0,0.0,n/a,0.0,3.0,n/a,9.806819676848283,82.01527757868018,1228.1691174512457,0.2752023992875355,1.0142023992875173,0.0,n/a,n/a,n/a,n/a,n/a,n/a,n/a,n/a,0.005833333333333334,0.505,0.0,0.0,n/a,n/a,n/a,n/a,n/a,n/a,n/a,n/a,n/a,n/a,n/a,400,1.4251337051391602,n/a,n/a,1.6747088432312012
4,500.0,1.0,nan,nan,nan,nan,nan,nan,nan,nan,nan,n/a,nan,nan,n/a,nan,nan,n/a,nan,nan,nan,nan,nan,nan,n/a,n/a,n/a,n/a,n/a,n/a,n/a,n/a,nan,nan,nan,nan,n/a,n/a,n/a,n/a,n/a,n/a,n/a,n/a,n/a,n/a,n/a,500,1.435807228088379,n/a,n/a,1.5556557178497314
5,600.0,1.0,nan,nan,nan,nan,nan,nan,nan,nan,nan,n/a,nan,nan,n/a,nan,nan,n/a,nan,nan,nan,nan,nan,nan,n/a,n/a,n/a,n/a,n/a,n/a,n/a,n/a,nan,nan,nan,nan,n/a,n/a,n/a,n/a,n/a,n/a,n/a,n/a,n/a,n/a,n/a,600,1.4480371475219727,n/a,n/a,1.496593952178955
6,700.0,1.0,nan,nan,nan,nan,nan,nan,nan,nan,nan,n/a,nan,nan,n/a,nan,nan,n/a,nan,nan,nan,nan,nan,nan,n/a,n/a,n/a,n/a,n/a,n/a,n/a,n/a,nan,nan,nan,nan,n/a,n/a,n/a,n/a,n/a,n/a,n/a,n/a,n/a,n/a,n/a,700,1.4762964248657227,n/a,n/a,1.5922915935516357
7,800.0,2.0,-576.5955882533714,400.0,0.0,0.0,0.0,0.0,0.0,1913.9894224765203,716.9890846307122,n/a,0.0,0.0,n/a,0.0,2.0,n/a,2.2205728668924016,90.5374897543728,1054.3580268382282,0.0571577827358436,24.824157782735835,0.0,n/a,n/a,n/a,n/a,n/a,n/a,n/a,n/a,0.011666666666666667,0.77,0.0,0.0,n/a,n/a,n/a,n/a,n/a,n/a,n/a,n/a,n/a,n/a,n/a,800,1.4885034561157227,n/a,n/a,1.6375861167907715
8,900.0,2.0,nan,nan,nan,nan,nan,nan,nan,nan,nan,n/a,nan,nan,n/a,nan,nan,n/a,nan,nan,nan,nan,nan,nan,n/a,n/a,n/a,n/a,n/a,n/a,n/a,n/a,nan,nan,nan,nan,n/a,n/a,n/a,n/a,n/a,n/a,n/a,n/a,n/a,n/a,n/a,900,1.4997491836547852,n/a,n/a,1.5164508819580078
9,1000.0,2.0,nan,nan,nan,nan,nan,nan,nan,nan,nan,n/a,nan,nan,n/a,nan,nan,n/a,nan,nan,nan,nan,nan,nan,n/a,n/a,n/a,n/a,n/a,n/a,n/a,n/a,nan,nan,nan,nan,n/a,n/a,n/a,n/a,n/a,n/a,n/a,n/a,n/a,n/a,n/a,1000,1.5103769302368164,n/a,n/a,1.522160530090332
10,1100.0,2.0,nan,nan,nan,nan,nan,nan,nan,nan,nan,n/a,nan,nan,n/a,nan,nan,n/a,nan,nan,nan,nan,nan,nan,n/a,n/a,n/a,n/a,n/a,n/a,n/a,n/a,nan,nan,nan,nan,n/a,n/a,n/a,n/a,n/a,n/a,n/a,n/a,n/a,n/a,n/a,1100,1.5226526260375977,n/a,n/a,1.5117437839508057
11,1200.0,3.0,-768.086741232,400.0,0.0,0.0,0.0,0.0,0.0,2729.370041192038,542.7130385664955,n/a,0.0,0.0,n/a,0.0,1.0,n/a,2.9281798155694494,88.66709610913745,774.7257793349038,17.739948498591126,10.464948498591133,0.0,n/a,n/a,n/a,n/a,n/a,n/a,n/a,n/a,0.009166666666666667,0.025,0.0,0.0,n/a,n/a,n/a,n/a,n/a,n/a,n/a,n/a,n/a,n/a,n/a,1200,1.5333032608032227,n/a,n/a,1.5804469585418701
12,1300.0,3.0,nan,nan,nan,nan,nan,nan,nan,nan,nan,n/a,nan,nan,n/a,nan,nan,n/a,nan,nan,nan,nan,nan,nan,n/a,n/a,n/a,n/a,n/a,n/a,n/a,n/a,nan,nan,nan,nan,n/a,n/a,n/a,n/a,n/a,n/a,n/a,n/a,n/a,n/a,n/a,1300,1.5455560684204102,n/a,n/a,1.5124285221099854
13,1400.0,3.0,nan,nan,nan,nan,nan,nan,nan,nan,nan,n/a,nan,nan,n/a,nan,nan,n/a,nan,nan,nan,nan,nan,nan,n/a,n/a,n/a,n/a,n/a,n/a,n/a,n/a,nan,nan,nan,nan,n/a,n/a,n/a,n/a,n/a,n/a,n/a,n/a,n/a,n/a,n/a,1400,1.5913324356079102,n/a,n/a,1.5107269287109375
14,1500.0,3.0,nan,nan,nan,nan,nan,nan,nan,nan,nan,n/a,nan,nan,n/a,nan,nan,n/a,nan,nan,nan,nan,nan,nan,n/a,n/a,n/a,n/a,n/a,n/a,n/a,n/a,nan,nan,nan,nan,-1.9062485694885254,n/a,n/a,n/a,n/a,n/a,-1.9062485694885254,0.623124897480011,0.0,1.0,-3.0,1500,1.6356391906738281,n/a,n/a,2.985111951828003
15,1600.0,4.0,-140.79456329048125,400.0,1.0,0.0,0.0,0.0,2.0,1494.565679002358,568.4733153297828,n/a,0.18553192789889086,0.0,n/a,0.0,1.0,n/a,0.2224616685925462,88.57687427889107,819.7840658078427,0.4481297568876071,0.1511297568876052,0.0,n/a,n/a,n/a,n/a,n/a,n/a,n/a,n/a,0.008333333333333333,0.785,0.009276596394944492,0.0,-2.843893345594406,n/a,n/a,n/a,n/a,n/a,-2.843893345594406,0.1742643339931965,-0.07652559005655349,0.9849880057573318,-3.0,1600,1.7021675109863281,n/a,n/a,15.71386432647705
16,1700.0,4.0,nan,nan,nan,nan,nan,nan,nan,nan,nan,n/a,nan,nan,n/a,nan,nan,n/a,nan,nan,nan,nan,nan,nan,n/a,n/a,n/a,n/a,n/a,n/a,n/a,n/a,nan,nan,nan,nan,-3.134095222949982,n/a,n/a,n/a,n/a,n/a,-3.134095222949982,0.26355031184852123,-0.22809688702225686,0.9558549243211746,-3.0,1700,1.7185249328613281,n/a,n/a,15.188340663909912
17,1800.0,4.0,nan,nan,nan,nan,nan,nan,nan,nan,nan,n/a,nan,nan,n/a,nan,nan,n/a,nan,nan,nan,nan,nan,nan,n/a,n/a,n/a,n/a,n/a,n/a,n/a,n/a,nan,nan,nan,nan,-3.333801820278168,n/a,n/a,n/a,n/a,n/a,-3.333801820278168,0.26995777860283854,-0.3796006986498833,0.9275938230752945,-3.0,1800,1.7343025207519531,n/a,n/a,17.536762237548828
18,1900.0,4.0,nan,nan,nan,nan,nan,nan,nan,nan,nan,n/a,nan,nan,n/a,nan,nan,n/a,nan,nan,nan,nan,nan,nan,n/a,n/a,n/a,n/a,n/a,n/a,n/a,n/a,nan,nan,nan,nan,-3.484386010169983,n/a,n/a,n/a,n/a,n/a,-3.484386010169983,0.22987047597765922,-0.5311834174394607,0.9001714652776718,-3.0,1900,1.7505073547363281,n/a,n/a,16.95731282234192
19,2000.0,5.0,-293.8220807237677,400.0,0.0,0.0,0.0,0.0,0.0,1546.0480099464623,835.6513980780993,n/a,0.0,0.0,n/a,0.0,3.0,n/a,3.938121052050822,91.29096566010611,1189.0880335265808,0.08729217125330882,0.02729217125331152,0.0,n/a,n/a,n/a,n/a,n/a,n/a,n/a,n/a,0.0016666666666666668,0.735,0.0,0.0,-3.693740289211273,n/a,n/a,n/a,n/a,n/a,-3.693740289211273,0.2259660578519106,-0.6825752079486846,0.8735613697767257,-3.0,2000,1.7662467956542969,n/a,n/a,16.04153537750244
20,2100.0,5.0,nan,nan,nan,nan,nan,nan,nan,nan,nan,n/a,nan,nan,n/a,nan,nan,n/a,nan,nan,nan,nan,nan,nan,n/a,n/a,n/a,n/a,n/a,n/a,n/a,n/a,nan,nan,nan,nan,-4.00180214881897,n/a,n/a,n/a,n/a,n/a,-4.00180214881897,0.23542820394039154,-0.8335649132728576,0.8477486228942871,-3.0,2100,1.7826805114746094,n/a,n/a,15.652415752410889
21,2200.0,5.0,nan,nan,nan,nan,nan,nan,nan,nan,nan,n/a,nan,nan,n/a,nan,nan,n/a,nan,nan,nan,nan,nan,nan,n/a,n/a,n/a,n/a,n/a,n/a,n/a,n/a,nan,nan,nan,nan,-4.117749311923981,n/a,n/a,n/a,n/a,n/a,-4.117749311923981,0.17047671608626844,-0.9844377988576889,0.8227060073614121,-3.0,2200,1.7984199523925781,n/a,n/a,15.253698587417603
22,2300.0,5.0,nan,nan,nan,nan,nan,nan,nan,nan,nan,n/a,nan,nan,n/a,nan,nan,n/a,nan,nan,nan,nan,nan,nan,n/a,n/a,n/a,n/a,n/a,n/a,n/a,n/a,nan,nan,nan,nan,-4.258033232688904,n/a,n/a,n/a,n/a,n/a,-4.258033232688904,0.16448173746466638,-1.1354700458049773,0.7984021753072739,-3.0,2300,1.8146247863769531,n/a,n/a,18.768871545791626
23,2400.0,6.0,-288.52675022841584,400.0,0.0,0.0,0.0,0.0,0.0,1503.5541680927754,450.1176931619032,n/a,0.0,0.0,n/a,0.0,0.0,n/a,1.5636236793444558,91.08564035823632,650.1718160562242,0.6255398156058558,0.05653981560585063,0.0,n/a,n/a,n/a,n/a,n/a,n/a,n/a,n/a,0.0033333333333333335,0.7575,0.0,0.0,-4.42959728717804,n/a,n/a,n/a,n/a,n/a,-4.42959728717804,0.15369402073323726,-1.2864087414741516,0.7748250997066498,-3.0,2400,1.8304023742675781,n/a,n/a,16.220640659332275
24,2500.0,6.0,nan,nan,nan,nan,nan,nan,nan,nan,nan,n/a,nan,nan,n/a,nan,nan,n/a,nan,nan,nan,nan,nan,nan,n/a,n/a,n/a,n/a,n/a,n/a,n/a,n/a,nan,nan,nan,nan,-4.739808874130249,n/a,n/a,n/a,n/a,n/a,-4.739808874130249,0.15528866596519947,-1.4361555528640748,0.7519475650787354,-3.0,2500,1.8462562561035156,n/a,n/a,15.53499984741211
25,2600.0,6.0,nan,nan,nan,nan,nan,nan,nan,nan,nan,n/a,nan,nan,n/a,nan,nan,n/a,nan,nan,nan,nan,nan,nan,n/a,n/a,n/a,n/a,n/a,n/a,n/a,n/a,nan,nan,nan,nan,-4.835818514823914,n/a,n/a,n/a,n/a,n/a,-4.835818514823914,0.14707782827317714,-1.5852566468715668,0.7297647607326507,-3.0,2600,1.8625373840332031,n/a,n/a,15.594600200653076
26,2700.0,6.0,nan,nan,nan,nan,nan,nan,nan,nan,nan,n/a,nan,nan,n/a,nan,nan,n/a,nan,nan,nan,nan,nan,nan,n/a,n/a,n/a,n/a,n/a,n/a,n/a,n/a,nan,nan,nan,nan,-4.895283298492432,n/a,n/a,n/a,n/a,n/a,-4.895283298492432,0.13787442862987517,-1.7364260268211364,0.7082383108139038,-3.0,2700,1.8783149719238281,n/a,n/a,16.31709909439087
27,2800.0,7.0,-318.16078965171045,400.0,0.0,0.0,0.0,0.0,0.0,1576.4437147620254,856.1397206570733,n/a,0.0,0.0,n/a,0.0,3.0,n/a,4.149707576349497,93.2265104209268,1239.614162831043,0.41898953461790583,0.056989534617906415,0.0,n/a,n/a,n/a,n/a,n/a,n/a,n/a,n/a,0.0016666666666666668,0.7175,0.0,0.0,-4.98946448802948,n/a,n/a,n/a,n/a,n/a,-4.98946448802948,0.12813888490200043,-1.8834867143630982,0.6873558568954468,-3.0,2800,1.9648017883300781,n/a,n/a,17.73088526725769
28,2900.0,7.0,nan,nan,nan,nan,nan,nan,nan,nan,nan,n/a,nan,nan,n/a,nan,nan,n/a,nan,nan,nan,nan,nan,nan,n/a,n/a,n/a,n/a,n/a,n/a,n/a,n/a,nan,nan,nan,nan,-5.362100200653076,n/a,n/a,n/a,n/a,n/a,-5.362100200653076,0.14209317244589328,-2.031976078748703,0.6671068882942199,-3.0,2900,1.9806556701660156,n/a,n/a,15.741211652755737
29,3000.0,7.0,nan,nan,nan,nan,nan,nan,nan,nan,nan,n/a,nan,nan,n/a,nan,nan,n/a,nan,nan,nan,nan,nan,nan,n/a,n/a,n/a,n/a,n/a,n/a,n/a,n/a,nan,nan,nan,nan,-5.071966705322265,n/a,n/a,n/a,n/a,n/a,-5.071966705322265,0.1256734386831522,-2.180965964794159,0.6474617952108384,-3.0,3000,1.9968605041503906,n/a,n/a,15.48978328704834
30,3100.0,7.0,nan,nan,nan,nan,nan,nan,nan,nan,nan,n/a,nan,nan,n/a,nan,nan,n/a,nan,nan,nan,nan,nan,nan,n/a,n/a,n/a,n/a,n/a,n/a,n/a,n/a,nan,nan,nan,nan,-4.85496838092804,n/a,n/a,n/a,n/a,n/a,-4.85496838092804,0.12072363577783107,-2.3276611876487734,0.6283967006206512,-3.0,3100,2.0127525329589844,n/a,n/a,16.51736569404602
31,3200.0,8.0,-774.1326657959995,400.0,0.0,0.0,0.0,0.0,0.0,2518.106567511326,1155.3826186054582,n/a,0.0,0.0,n/a,0.0,5.0,n/a,12.1095642462193,91.49747377852167,1575.197123579917,0.5384414161808136,32.357558583819134,0.0,n/a,n/a,n/a,n/a,n/a,n/a,n/a,n/a,0.005,0.5475,0.0,0.0,-4.5807332730293275,n/a,n/a,n/a,n/a,n/a,-4.5807332730293275,0.12314448103308678,-2.468970785140991,0.6099319499731064,-3.0,3200,2.0284156799316406,n/a,n/a,18.05940341949463
32,3300.0,8.0,nan,nan,nan,nan,nan,nan,nan,nan,nan,n/a,nan,nan,n/a,nan,nan,n/a,nan,nan,nan,nan,nan,nan,n/a,n/a,n/a,n/a,n/a,n/a,n/a,n/a,nan,nan,nan,nan,-4.8085931873321535,n/a,n/a,n/a,n/a,n/a,-4.8085931873321535,0.12362631496042013,-2.617306351661682,0.5920230829715729,-3.0,3300,2.0447731018066406,n/a,n/a,15.41166353225708
33,3400.0,8.0,nan,nan,nan,nan,nan,nan,nan,nan,nan,n/a,nan,nan,n/a,nan,nan,n/a,nan,nan,nan,nan,nan,nan,n/a,n/a,n/a,n/a,n/a,n/a,n/a,n/a,nan,nan,nan,nan,-4.692305715084076,n/a,n/a,n/a,n/a,n/a,-4.692305715084076,0.11837810225784778,-2.760623300075531,0.5746446806192398,-3.0,3400,2.0605506896972656,n/a,n/a,16.387226343154907
34,3500.0,8.0,nan,nan,nan,nan,nan,nan,nan,nan,nan,n/a,nan,nan,n/a,nan,nan,n/a,nan,nan,nan,nan,nan,nan,n/a,n/a,n/a,n/a,n/a,n/a,n/a,n/a,nan,nan,nan,nan,-4.712425560951233,n/a,n/a,n/a,n/a,n/a,-4.712425560951233,0.10946694979444146,-2.90674950838089,0.5577785485982895,-3.0,3500,2.076793670654297,n/a,n/a,17.084683895111084
35,3600.0,9.0,-330.32109742279323,400.0,0.0,0.0,0.0,0.0,0.0,1561.0605379931494,468.3852569991027,n/a,0.0,0.0,n/a,0.0,0.0,n/a,2.8777986713943,84.86298201771805,644.5988158328669,0.022900480137979632,0.1659004801379759,0.0,n/a,n/a,n/a,n/a,n/a,n/a,n/a,n/a,0.0033333333333333335,0.7575,0.0,0.0,-4.531206448078155,n/a,n/a,n/a,n/a,n/a,-4.531206448078155,0.10355644769966603,-3.050977499485016,0.541415513753891,-3.0,3600,2.092609405517578,n/a,n/a,16.926981449127197
36,3700.0,9.0,nan,nan,nan,nan,nan,nan,nan,nan,nan,n/a,nan,nan,n/a,nan,nan,n/a,nan,nan,nan,nan,nan,nan,n/a,n/a,n/a,n/a,n/a,n/a,n/a,n/a,nan,nan,nan,nan,-4.780793399810791,n/a,n/a,n/a,n/a,n/a,-4.780793399810791,0.11110151993110776,-3.1940589427947996,0.5255469089746475,-3.0,3700,2.1088523864746094,n/a,n/a,16.828100204467773
37,3800.0,9.0,nan,nan,nan,nan,nan,nan,nan,nan,nan,n/a,nan,nan,n/a,nan,nan,n/a,nan,nan,nan,nan,nan,nan,n/a,n/a,n/a,n/a,n/a,n/a,n/a,n/a,nan,nan,nan,nan,-4.383843228816986,n/a,n/a,n/a,n/a,n/a,-4.383843228816986,0.10368525832891465,-3.3316528844833373,0.510148537158966,-3.0,3800,2.124591827392578,n/a,n/a,15.991437911987305
38,3900.0,9.0,nan,nan,nan,nan,nan,nan,nan,nan,nan,n/a,nan,nan,n/a,nan,nan,n/a,nan,nan,nan,nan,nan,nan,n/a,n/a,n/a,n/a,n/a,n/a,n/a,n/a,nan,nan,nan,nan,-4.076619532108307,n/a,n/a,n/a,n/a,n/a,-4.076619532108307,0.10061936169862747,-3.4734067368507384,0.49522386968135834,-3.0,3900,2.1408729553222656,n/a,n/a,16.808202028274536
39,4000.0,10.0,-792.5449023501978,400.0,0.0,0.0,0.0,0.0,0.0,2642.260287271106,1189.5553792847752,n/a,0.0,0.0,n/a,0.0,5.0,n/a,14.235547231572484,89.01078852621998,1613.758763797978,33.10921987225824,9.513780127741702,0.0,n/a,n/a,n/a,n/a,n/a,n/a,n/a,n/a,0.0033333333333333335,0.0825,0.0,0.0,-3.8318199253082277,n/a,n/a,n/a,n/a,n/a,-3.8318199253082277,0.09780821822583675,-3.6083369565010073,0.48076377242803575,-3.0,4000,2.1566123962402344,n/a,n/a,16.611010313034058
40,4100.0,10.0,nan,nan,nan,nan,nan,nan,nan,nan,nan,n/a,nan,nan,n/a,nan,nan,n/a,nan,nan,nan,nan,nan,nan,n/a,n/a,n/a,n/a,n/a,n/a,n/a,n/a,nan,nan,nan,nan,-3.781552183628082,n/a,n/a,n/a,n/a,n/a,-3.781552183628082,0.10374189499765635,-3.744719362258911,0.46673050969839097,-3.0,4100,2.172657012939453,n/a,n/a,17.582413911819458
41,4200.0,10.0,nan,nan,nan,nan,nan,nan,nan,nan,nan,n/a,nan,nan,n/a,nan,nan,n/a,nan,nan,nan,nan,nan,nan,n/a,n/a,n/a,n/a,n/a,n/a,n/a,n/a,nan,nan,nan,nan,-3.6703900027275087,n/a,n/a,n/a,n/a,n/a,-3.6703900027275087,0.09721275996416807,-3.89210652589798,0.4531093570590019,-3.0,4200,2.188823699951172,n/a,n/a,15.746119499206543
42,4300.0,10.0,nan,nan,nan,nan,nan,nan,nan,nan,nan,n/a,nan,nan,n/a,nan,nan,n/a,nan,nan,nan,nan,nan,nan,n/a,n/a,n/a,n/a,n/a,n/a,n/a,n/a,nan,nan,nan,nan,-3.2439512383937834,n/a,n/a,n/a,n/a,n/a,-3.2439512383937834,0.09912955299019814,-4.017606317996979,0.4398942396044731,-3.0,4300,2.204601287841797,n/a,n/a,15.979037761688232
43,4400.0,11.0,-451.53720396937155,400.0,0.0,0.0,0.0,0.0,0.0,1727.2982058108878,477.3327887175173,n/a,0.0,0.0,n/a,0.0,0.0,n/a,1.7449260963533488,92.03746732359824,701.1259555997561,0.005194951637193636,0.32119495163719675,0.0,n/a,n/a,n/a,n/a,n/a,n/a,n/a,n/a,0.0016666666666666668,0.76,0.0,0.0,-3.0775867116451265,n/a,n/a,n/a,n/a,n/a,-3.0775867116451265,0.09239989131689072,-4.159265913963318,0.4270837378501892,-3.0,4400,2.220844268798828,n/a,n/a,16.599928855895996
44,4500.0,11.0,nan,nan,nan,nan,nan,nan,nan,nan,nan,n/a,nan,nan,n/a,nan,nan,n/a,nan,nan,nan,nan,nan,nan,n/a,n/a,n/a,n/a,n/a,n/a,n/a,n/a,nan,nan,nan,nan,-3.104583950042725,n/a,n/a,n/a,n/a,n/a,-3.104583950042725,0.08799872897565365,-4.310144519805908,0.41462774336338043,-3.0,4500,2.2366600036621094,n/a,n/a,16.958947896957397
45,4600.0,11.0,nan,nan,nan,nan,nan,nan,nan,nan,nan,n/a,nan,nan,n/a,nan,nan,n/a,nan,nan,nan,nan,nan,nan,n/a,n/a,n/a,n/a,n/a,n/a,n/a,n/a,nan,nan,nan,nan,-2.7773454666137694,n/a,n/a,n/a,n/a,n/a,-2.7773454666137694,0.09673301465809345,-4.435879335403443,0.40252681612968444,-3.0,4600,2.252826690673828,n/a,n/a,16.641491651535034
46,4700.0,11.0,nan,nan,nan,nan,nan,nan,nan,nan,nan,n/a,nan,nan,n/a,nan,nan,n/a,nan,nan,nan,nan,nan,nan,n/a,n/a,n/a,n/a,n/a,n/a,n/a,n/a,nan,nan,nan,nan,-2.32600445330143,n/a,n/a,n/a,n/a,n/a,-2.32600445330143,0.0902206415683031,-4.578593363761902,0.39079196214675904,-3.0,4700,2.2686805725097656,n/a,n/a,16.086769342422485
47,4800.0,12.0,-378.46960968804,400.0,0.0,0.0,0.0,0.0,0.0,1657.9006809512593,808.9195802298086,n/a,0.0,0.0,n/a,0.0,3.0,n/a,3.69688974773383,92.87626771579627,1186.6276920003334,0.593053225311148,3.458946774688826,0.0,n/a,n/a,n/a,n/a,n/a,n/a,n/a,n/a,0.0025,0.6775,0.0,0.0,-1.782606106698513,n/a,n/a,n/a,n/a,n/a,-1.782606106698513,0.08970469992607832,-4.711209058761597,0.3794019159674644,-3.0,4800,2.284381866455078,n/a,n/a,16.384628295898438
48,4900.0,12.0,nan,nan,nan,nan,nan,nan,nan,nan,nan,n/a,nan,nan,n/a,nan,nan,n/a,nan,nan,nan,nan,nan,nan,n/a,n/a,n/a,n/a,n/a,n/a,n/a,n/a,nan,nan,nan,nan,-2.0609020161628724,n/a,n/a,n/a,n/a,n/a,-2.0609020161628724,0.0927815879881382,-4.836318001747132,0.36836118549108504,-3.0,4900,2.3007774353027344,n/a,n/a,15.771595239639282
49,5000.0,12.0,nan,nan,nan,nan,nan,nan,nan,nan,nan,n/a,nan,nan,n/a,nan,nan,n/a,nan,nan,nan,nan,nan,nan,n/a,n/a,n/a,n/a,n/a,n/a,n/a,n/a,nan,nan,nan,nan,-1.44844877243042,n/a,n/a,n/a,n/a,n/a,-1.44844877243042,0.08565232798457145,-4.981806173324585,0.35764093667268754,-3.0,5000,2.316516876220703,n/a,n/a,17.723675966262817
50,5100.0,12.0,nan,nan,nan,nan,nan,nan,nan,nan,nan,n/a,nan,nan,n/a,nan,nan,n/a,nan,nan,nan,nan,nan,nan,n/a,n/a,n/a,n/a,n/a,n/a,n/a,n/a,nan,nan,nan,nan,-0.9753698400780558,n/a,n/a,n/a,n/a,n/a,-0.9753698400780558,0.08866242226213217,-5.115473189353943,0.3472217991948128,-3.0,5100,2.332721710205078,n/a,n/a,16.7226722240448
51,5200.0,13.0,-635.2252326130744,400.0,0.0,0.0,0.0,0.0,0.0,1998.801745797536,1240.2459366575038,n/a,0.0,0.0,n/a,0.0,5.0,n/a,13.847056753183105,94.37697873142147,1579.0464951673503,0.5993427403320104,6.729657259667983,0.0,n/a,n/a,n/a,n/a,n/a,n/a,n/a,n/a,0.004166666666666667,0.6725,0.0,0.0,-0.43800102211534975,n/a,n/a,n/a,n/a,n/a,-0.43800102211534975,0.08677939686924219,-5.249645042419433,0.33710606724023817,-3.0,5200,2.3485755920410156,n/a,n/a,17.47040295600891
52,5300.0,13.0,nan,nan,nan,nan,nan,nan,nan,nan,nan,n/a,nan,nan,n/a,nan,nan,n/a,nan,nan,nan,nan,nan,nan,n/a,n/a,n/a,n/a,n/a,n/a,n/a,n/a,nan,nan,nan,nan,0.5140497375652194,n/a,n/a,n/a,n/a,n/a,0.5140497375652194,0.09252334486693144,-5.362399144172668,0.3273091325163841,-3.0,5300,2.364856719970703,n/a,n/a,15.797100305557251
53,5400.0,13.0,nan,nan,nan,nan,nan,nan,nan,nan,nan,n/a,nan,nan,n/a,nan,nan,n/a,nan,nan,nan,nan,nan,nan,n/a,n/a,n/a,n/a,n/a,n/a,n/a,n/a,nan,nan,nan,nan,1.1310458120703697,n/a,n/a,n/a,n/a,n/a,1.1310458120703697,0.09189839344471692,-5.502350087165833,0.31781069457530975,-3.0,5400,2.380634307861328,n/a,n/a,16.360849857330322
54,5500.0,13.0,nan,nan,nan,nan,nan,nan,nan,nan,nan,n/a,nan,nan,n/a,nan,nan,n/a,nan,nan,nan,nan,nan,nan,n/a,n/a,n/a,n/a,n/a,n/a,n/a,n/a,nan,nan,nan,nan,1.0449998104572296,n/a,n/a,n/a,n/a,n/a,1.0449998104572296,0.0870708518102765,-5.615097727775574,0.30858514964580536,-3.0,5500,2.537456512451172,n/a,n/a,16.228651523590088
55,5600.0,14.0,-172.3858012005583,400.0,1.0,0.0,0.0,0.0,2.0,1541.3755332300873,627.844173694592,n/a,0.05771198271511835,0.0,n/a,0.0,4.0,n/a,3.6277435493472625,91.4030074467513,938.4999797222376,0.74515733766242,0.1498426623375497,0.0,n/a,n/a,n/a,n/a,n/a,n/a,n/a,n/a,0.0025,0.705,0.002885599135756034,0.0,1.3960199634730817,n/a,n/a,n/a,n/a,n/a,1.3960199634730817,0.08194985151290894,-5.739840378761292,0.2996515181660652,-3.0,5600,2.5531959533691406,n/a,n/a,18.53108787536621
56,5700.0,14.0,nan,nan,nan,nan,nan,nan,nan,nan,nan,n/a,nan,nan,n/a,nan,nan,n/a,nan,nan,nan,nan,nan,nan,n/a,n/a,n/a,n/a,n/a,n/a,n/a,n/a,nan,nan,nan,nan,1.2711696523614229,n/a,n/a,n/a,n/a,n/a,1.2711696523614229,0.10075167674571275,-5.857363710403442,0.29098421692848203,-3.0,5700,2.5691261291503906,n/a,n/a,15.702932834625244
57,5800.0,14.0,nan,nan,nan,nan,nan,nan,nan,nan,nan,n/a,nan,nan,n/a,nan,nan,n/a,nan,nan,nan,nan,nan,nan,n/a,n/a,n/a,n/a,n/a,n/a,n/a,n/a,nan,nan,nan,nan,1.4583543413877487,n/a,n/a,n/a,n/a,n/a,1.4583543413877487,0.1002128392457962,-5.968315830230713,0.2825853654742241,-3.0,5800,2.5853309631347656,n/a,n/a,16.474812984466553
58,5900.0,14.0,nan,nan,nan,nan,nan,nan,nan,nan,nan,n/a,nan,nan,n/a,nan,nan,n/a,nan,nan,nan,nan,nan,nan,n/a,n/a,n/a,n/a,n/a,n/a,n/a,n/a,nan,nan,nan,nan,1.629187186062336,n/a,n/a,n/a,n/a,n/a,1.629187186062336,0.09609885334968567,-6.091283826828003,0.27442710727453234,-3.0,5900,2.601146697998047,n/a,n/a,16.428845167160034
59,6000.0,15.0,-185.2541027224138,400.0,1.0,0.0,0.0,0.0,2.0,1572.3065848735941,644.6853606074347,n/a,0.06062493900769486,0.0,n/a,0.0,2.0,n/a,0.8407058144782007,95.37480896103027,964.9240616195167,0.07291885085764872,0.2589188508576473,0.0,n/a,n/a,n/a,n/a,n/a,n/a,n/a,n/a,0.004166666666666667,0.8175,0.003031246950384814,0.0,1.9883865946531296,n/a,n/a,n/a,n/a,n/a,1.9883865946531296,0.09796804467216134,-6.211263794898986,0.2665184310078621,-3.0,6000,2.6173133850097656,n/a,n/a,17.182273149490356
60,6100.0,15.0,nan,nan,nan,nan,nan,nan,nan,nan,nan,n/a,nan,nan,n/a,nan,nan,n/a,nan,nan,nan,nan,nan,nan,n/a,n/a,n/a,n/a,n/a,n/a,n/a,n/a,nan,nan,nan,nan,1.8482480235397816,n/a,n/a,n/a,n/a,n/a,1.8482480235397816,0.11531845673918724,-6.32996524810791,0.25884260386228564,-3.0,6100,2.633129119873047,n/a,n/a,16.643914937973022
61,6200.0,15.0,nan,nan,nan,nan,nan,nan,nan,nan,nan,n/a,nan,nan,n/a,nan,nan,n/a,nan,nan,nan,nan,nan,nan,n/a,n/a,n/a,n/a,n/a,n/a,n/a,n/a,nan,nan,nan,nan,2.4533653557300568,n/a,n/a,n/a,n/a,n/a,2.4533653557300568,0.11843145281076431,-6.437159333229065,0.2513829781115055,-3.0,6200,2.649486541748047,n/a,n/a,16.090946912765503
62,6300.0,15.0,nan,nan,nan,nan,nan,nan,nan,nan,nan,n/a,nan,nan,n/a,nan,nan,n/a,nan,nan,nan,nan,nan,nan,n/a,n/a,n/a,n/a,n/a,n/a,n/a,n/a,nan,nan,nan,nan,2.7940108156204224,n/a,n/a,n/a,n/a,n/a,2.7940108156204224,0.11024963282048703,-6.589956250190735,0.2441413237154484,-3.0,6300,2.665264129638672,n/a,n/a,15.884090423583984
63,6400.0,16.0,-409.0849090901563,400.0,1.0,0.0,0.0,0.0,4.0,1856.2026101245572,522.7353560567135,n/a,0.6689031797085802,0.0,n/a,0.0,1.0,n/a,4.3649637082653285,95.48635343576235,819.7310322312867,0.14877236498151658,0.4962276350184812,0.0,n/a,n/a,n/a,n/a,n/a,n/a,n/a,n/a,0.0025,0.775,0.03344515898542899,0.0,3.2638737988471984,n/a,n/a,n/a,n/a,n/a,3.2638737988471984,0.1076839517429471,-6.699445757865906,0.23708908006548882,-3.0,6400,2.680927276611328,n/a,n/a,16.13197612762451
64,6500.0,16.0,nan,nan,nan,nan,nan,nan,nan,nan,nan,n/a,nan,nan,n/a,nan,nan,n/a,nan,nan,nan,nan,nan,nan,n/a,n/a,n/a,n/a,n/a,n/a,n/a,n/a,nan,nan,nan,nan,3.468599841594696,n/a,n/a,n/a,n/a,n/a,3.468599841594696,0.1307618375122547,-6.80151807308197,0.23025415763258933,-3.0,6500,2.6973228454589844,n/a,n/a,17.7977352142334
65,6600.0,16.0,nan,nan,nan,nan,nan,nan,nan,nan,nan,n/a,nan,nan,n/a,nan,nan,n/a,nan,nan,nan,nan,nan,nan,n/a,n/a,n/a,n/a,n/a,n/a,n/a,n/a,nan,nan,nan,nan,3.992624179124832,n/a,n/a,n/a,n/a,n/a,3.992624179124832,0.12625646106898786,-6.915299382209778,0.22363716512918472,-3.0,6600,2.713062286376953,n/a,n/a,15.577897071838379
66,6700.0,16.0,nan,nan,nan,nan,nan,nan,nan,nan,nan,n/a,nan,nan,n/a,nan,nan,n/a,nan,nan,nan,nan,nan,nan,n/a,n/a,n/a,n/a,n/a,n/a,n/a,n/a,nan,nan,nan,nan,4.764566457271576,n/a,n/a,n/a,n/a,n/a,4.764566457271576,0.12586407963186502,-7.011044254302979,0.21720273643732071,-3.0,6700,2.729381561279297,n/a,n/a,16.122466325759888
67,6800.0,17.0,-406.5585318943301,400.0,1.0,0.0,0.0,0.0,1.0,1848.31386755999,585.681730494887,n/a,0.012061338242807149,0.0,n/a,0.0,1.0,n/a,2.235338529925276,90.42133332168208,841.7992347325542,1.948400194030297,23.05559980596971,0.0,n/a,n/a,n/a,n/a,n/a,n/a,n/a,n/a,0.0008333333333333334,0.775,0.0006030669121404042,0.0,5.371392316818238,n/a,n/a,n/a,n/a,n/a,5.371392316818238,0.1240011803805828,-7.117503924369812,0.2109754502773285,-3.0,6800,2.7451210021972656,n/a,n/a,16.42416739463806
68,6900.0,17.0,nan,nan,nan,nan,nan,nan,nan,nan,nan,n/a,nan,nan,n/a,nan,nan,n/a,nan,nan,nan,nan,nan,nan,n/a,n/a,n/a,n/a,n/a,n/a,n/a,n/a,nan,nan,nan,nan,5.042177705764771,n/a,n/a,n/a,n/a,n/a,5.042177705764771,0.13592544309794902,-7.229927701950073,0.20492296785116196,-3.0,6900,2.761363983154297,n/a,n/a,16.62170100212097
69,7000.0,17.0,nan,nan,nan,nan,nan,nan,nan,nan,nan,n/a,nan,nan,n/a,nan,nan,n/a,nan,nan,nan,nan,nan,nan,n/a,n/a,n/a,n/a,n/a,n/a,n/a,n/a,nan,nan,nan,nan,5.526656570434571,n/a,n/a,n/a,n/a,n/a,5.526656570434571,0.1335801575705409,-7.349135637283325,0.19904642075300216,-3.0,7000,2.777141571044922,n/a,n/a,16.881465911865234
70,7100.0,17.0,nan,nan,nan,nan,nan,nan,nan,nan,nan,n/a,nan,nan,n/a,nan,nan,n/a,nan,nan,nan,nan,nan,nan,n/a,n/a,n/a,n/a,n/a,n/a,n/a,n/a,nan,nan,nan,nan,6.230179228782654,n/a,n/a,n/a,n/a,n/a,6.230179228782654,0.1380233058333397,-7.429646253585815,0.19334014430642127,-3.0,7100,2.793384552001953,n/a,n/a,16.52867078781128
71,7200.0,18.0,-236.07747123283832,400.0,1.0,0.0,0.0,0.0,3.0,1619.6621142706645,516.8178139131423,n/a,0.547807604469672,0.0,n/a,0.0,1.0,n/a,2.3437877885980405,97.43177055359195,822.2123903883586,0.1205175195087404,0.13048248049125316,0.0,n/a,n/a,n/a,n/a,n/a,n/a,n/a,n/a,0.004166666666666667,0.78,0.0273903802234835,0.0,6.182808928489685,n/a,n/a,n/a,n/a,n/a,6.182808928489685,0.13520652659237384,-7.513892660140991,0.18781773641705513,-3.0,7200,2.8092384338378906,n/a,n/a,16.040618181228638
72,7300.0,18.0,nan,nan,nan,nan,nan,nan,nan,nan,nan,n/a,nan,nan,n/a,nan,nan,n/a,nan,nan,nan,nan,nan,nan,n/a,n/a,n/a,n/a,n/a,n/a,n/a,n/a,nan,nan,nan,nan,6.41370379447937,n/a,n/a,n/a,n/a,n/a,6.41370379447937,0.1473029140383005,-7.582790398597718,0.18246759861707687,-3.0,7300,2.825092315673828,n/a,n/a,15.533828496932983
73,7400.0,18.0,nan,nan,nan,nan,nan,nan,nan,nan,nan,n/a,nan,nan,n/a,nan,nan,n/a,nan,nan,nan,nan,nan,nan,n/a,n/a,n/a,n/a,n/a,n/a,n/a,n/a,nan,nan,nan,nan,6.977243432998657,n/a,n/a,n/a,n/a,n/a,6.977243432998657,0.141785921305418,-7.671134676933288,0.17729154139757156,-3.0,7400,2.841259002685547,n/a,n/a,17.61402153968811
74,7500.0,18.0,nan,nan,nan,nan,nan,nan,nan,nan,nan,n/a,nan,nan,n/a,nan,nan,n/a,nan,nan,nan,nan,nan,nan,n/a,n/a,n/a,n/a,n/a,n/a,n/a,n/a,nan,nan,nan,nan,7.270786852836609,n/a,n/a,n/a,n/a,n/a,7.270786852836609,0.13953816652297973,-7.760150165557861,0.1722608782351017,-3.0,7500,2.857074737548828,n/a,n/a,15.853847980499268
75,7600.0,19.0,-328.2862196362152,400.0,1.0,0.0,0.0,0.0,3.0,1733.9669157722008,483.812731424141,n/a,0.3422937502198214,0.0,n/a,0.0,1.0,n/a,5.690909762817604,92.05770612726472,771.9191540374557,0.12575739444512282,0.20024260555487974,0.0,n/a,n/a,n/a,n/a,n/a,n/a,n/a,n/a,0.0025,0.765,0.0171146875109911,0.0,7.852430405616761,n/a,n/a,n/a,n/a,n/a,7.852430405616761,0.14031056344509124,-7.862282681465149,0.16737840875983237,-3.0,7600,2.873279571533203,n/a,n/a,17.12806987762451
76,7700.0,19.0,nan,nan,nan,nan,nan,nan,nan,nan,nan,n/a,nan,nan,n/a,nan,nan,n/a,nan,nan,nan,nan,nan,nan,n/a,n/a,n/a,n/a,n/a,n/a,n/a,n/a,nan,nan,nan,nan,8.049735236167908,n/a,n/a,n/a,n/a,n/a,8.049735236167908,0.1492208270728588,-7.906516909599304,0.16263539493083953,-3.0,7700,2.889171600341797,n/a,n/a,15.491991519927979
77,7800.0,19.0,nan,nan,nan,nan,nan,nan,nan,nan,nan,n/a,nan,nan,n/a,nan,nan,n/a,nan,nan,nan,nan,nan,nan,n/a,n/a,n/a,n/a,n/a,n/a,n/a,n/a,nan,nan,nan,nan,8.308438467979432,n/a,n/a,n/a,n/a,n/a,8.308438467979432,0.15805230729281902,-7.996146941184998,0.15805389910936354,-3.0,7800,2.9053382873535156,n/a,n/a,15.582231044769287
78,7900.0,19.0,nan,nan,nan,nan,nan,nan,nan,nan,nan,n/a,nan,nan,n/a,nan,nan,n/a,nan,nan,nan,nan,nan,nan,n/a,n/a,n/a,n/a,n/a,n/a,n/a,n/a,nan,nan,nan,nan,8.924201612472535,n/a,n/a,n/a,n/a,n/a,8.924201612472535,0.1753085880726576,-8.020875420570373,0.15361056849360466,-3.0,7900,2.9211158752441406,n/a,n/a,15.896294593811035
79,8000.0,20.0,-309.2454370337563,400.0,0.0,0.0,0.0,0.0,0.0,1549.5466360731668,559.5385325104784,n/a,0.0,0.0,n/a,0.0,1.0,n/a,0.39742515689692637,86.68578546437992,798.0021815884476,0.7713529325714975,5.579647067428505,0.0,n/a,n/a,n/a,n/a,n/a,n/a,n/a,n/a,0.0025,0.785,0.0,0.0,9.353302583694457,n/a,n/a,n/a,n/a,n/a,9.353302583694457,0.19098408900201322,-8.09603388786316,0.14931348338723183,-3.0,8000,2.9368553161621094,n/a,n/a,18.6140718460083
80,8100.0,20.0,nan,nan,nan,nan,nan,nan,nan,nan,nan,n/a,nan,nan,n/a,nan,nan,n/a,nan,nan,nan,nan,nan,nan,n/a,n/a,n/a,n/a,n/a,n/a,n/a,n/a,nan,nan,nan,nan,9.602626638412476,n/a,n/a,n/a,n/a,n/a,9.602626638412476,0.19393182054162025,-8.093704776763916,0.1451461486518383,-3.0,8100,2.9532127380371094,n/a,n/a,15.966131925582886
81,8200.0,20.0,nan,nan,nan,nan,nan,nan,nan,nan,nan,n/a,nan,nan,n/a,nan,nan,n/a,nan,nan,nan,nan,nan,nan,n/a,n/a,n/a,n/a,n/a,n/a,n/a,n/a,nan,nan,nan,nan,10.275089087486267,n/a,n/a,n/a,n/a,n/a,10.275089087486267,0.1821339375525713,-8.177112917900086,0.1411173452436924,-3.0,8200,2.9691810607910156,n/a,n/a,15.598169088363647
82,8300.0,20.0,nan,nan,nan,nan,nan,nan,nan,nan,nan,n/a,nan,nan,n/a,nan,nan,n/a,nan,nan,nan,nan,nan,nan,n/a,n/a,n/a,n/a,n/a,n/a,n/a,n/a,nan,nan,nan,nan,10.843631381988525,n/a,n/a,n/a,n/a,n/a,10.843631381988525,0.1890249788016081,-8.19020990371704,0.13721637234091758,-3.0,8300,2.9853858947753906,n/a,n/a,15.96525263786316
83,8400.0,21.0,-531.0929161488183,400.0,0.0,0.0,0.0,0.0,0.0,1826.7142556156543,461.6543579152999,n/a,0.0,0.0,n/a,0.0,0.0,n/a,1.0116261780955251,95.02171147361382,699.7174812129568,1.0774729689406022,23.242527031059375,0.0,n/a,n/a,n/a,n/a,n/a,n/a,n/a,n/a,0.008333333333333333,0.7775,0.0,0.0,11.329726076126098,n/a,n/a,n/a,n/a,n/a,11.329726076126098,0.17942297831177711,-8.3664213514328,0.13339758321642875,-3.0,8400,3.0011253356933594,n/a,n/a,17.71705412864685
84,8500.0,21.0,nan,nan,nan,nan,nan,nan,nan,nan,nan,n/a,nan,nan,n/a,nan,nan,n/a,nan,nan,nan,nan,nan,nan,n/a,n/a,n/a,n/a,n/a,n/a,n/a,n/a,nan,nan,nan,nan,11.627344436645508,n/a,n/a,n/a,n/a,n/a,11.627344436645508,0.1856668246537447,-8.351291885375977,0.12968469604849817,-3.0,8500,3.017444610595703,n/a,n/a,17.761382818222046
85,8600.0,21.0,nan,nan,nan,nan,nan,nan,nan,nan,nan,n/a,nan,nan,n/a,nan,nan,n/a,nan,nan,nan,nan,nan,nan,n/a,n/a,n/a,n/a,n/a,n/a,n/a,n/a,nan,nan,nan,nan,12.237522659301758,n/a,n/a,n/a,n/a,n/a,12.237522659301758,0.18610098294913768,-8.34680648803711,0.12610312201082707,-3.0,8600,3.033184051513672,n/a,n/a,16.678054809570312
86,8700.0,21.0,nan,nan,nan,nan,nan,nan,nan,nan,nan,n/a,nan,nan,n/a,nan,nan,n/a,nan,nan,nan,nan,nan,nan,n/a,n/a,n/a,n/a,n/a,n/a,n/a,n/a,nan,nan,nan,nan,12.722203035354614,n/a,n/a,n/a,n/a,n/a,12.722203035354614,0.19920305639505387,-8.316222605705262,0.12265010252594948,-3.0,8700,3.049388885498047,n/a,n/a,16.152599811553955
87,8800.0,22.0,-404.0531596838372,400.0,1.0,0.0,0.0,0.0,1.0,1825.0033339764852,436.8440524419167,n/a,0.05776919706997856,0.0,n/a,0.0,0.0,n/a,1.2749833688616146,85.36507370558283,614.7721656406909,1.8257767649887684,22.838223235011252,0.0,n/a,n/a,n/a,n/a,n/a,n/a,n/a,n/a,0.005833333333333334,0.7625,0.002888459853498837,0.0,13.22999626159668,n/a,n/a,n/a,n/a,n/a,13.22999626159668,0.18538123764097691,-8.463910961151123,0.11929310910403729,-3.0,8800,3.065204620361328,n/a,n/a,16.24007797241211
88,8900.0,22.0,nan,nan,nan,nan,nan,nan,nan,nan,nan,n/a,nan,nan,n/a,nan,nan,n/a,nan,nan,nan,nan,nan,nan,n/a,n/a,n/a,n/a,n/a,n/a,n/a,n/a,nan,nan,nan,nan,13.00636212348938,n/a,n/a,n/a,n/a,n/a,13.00636212348938,0.20494963511824607,-8.427943921089172,0.11601257219910621,-3.0,8900,3.0810585021972656,n/a,n/a,17.64645504951477
89,9000.0,22.0,nan,nan,nan,nan,nan,nan,nan,nan,nan,n/a,nan,nan,n/a,nan,nan,n/a,nan,nan,nan,nan,nan,nan,n/a,n/a,n/a,n/a,n/a,n/a,n/a,n/a,nan,nan,nan,nan,13.743743228912354,n/a,n/a,n/a,n/a,n/a,13.743743228912354,0.20213949955999852,-8.48390682220459,0.11285725936293602,-3.0,9000,3.097301483154297,n/a,n/a,15.759443759918213
90,9100.0,22.0,nan,nan,nan,nan,nan,nan,nan,nan,nan,n/a,nan,nan,n/a,nan,nan,n/a,nan,nan,nan,nan,nan,nan,n/a,n/a,n/a,n/a,n/a,n/a,n/a,n/a,nan,nan,nan,nan,14.491642637252808,n/a,n/a,n/a,n/a,n/a,14.491642637252808,0.19993673525750638,-8.561109781265259,0.10976387783885003,-3.0,9100,3.113079071044922,n/a,n/a,16.230084657669067
91,9200.0,23.0,-304.3526493253741,400.0,0.0,0.0,0.0,0.0,0.0,1555.7693050634348,837.179002806875,n/a,0.0,0.0,n/a,0.0,3.0,n/a,2.29757327277866,91.86961012446594,1203.8687605380173,0.4745248488139484,3.4614751511860553,0.0,n/a,n/a,n/a,n/a,n/a,n/a,n/a,n/a,0.0025,0.6875,0.0,0.0,14.733897590637207,n/a,n/a,n/a,n/a,n/a,14.733897590637207,0.19652451932430268,-8.5426335811615,0.10677156940102578,-3.0,9200,3.1292457580566406,n/a,n/a,16.332428216934204
92,9300.0,23.0,nan,nan,nan,nan,nan,nan,nan,nan,nan,n/a,nan,nan,n/a,nan,nan,n/a,nan,nan,nan,nan,nan,nan,n/a,n/a,n/a,n/a,n/a,n/a,n/a,n/a,nan,nan,nan,nan,15.021486415863038,n/a,n/a,n/a,n/a,n/a,15.021486415863038,0.19901574924588203,-8.432740378379822,0.10388034977018833,-3.0,9300,3.1451759338378906,n/a,n/a,16.981256008148193
93,9400.0,23.0,nan,nan,nan,nan,nan,nan,nan,nan,nan,n/a,nan,nan,n/a,nan,nan,n/a,nan,nan,nan,nan,nan,nan,n/a,n/a,n/a,n/a,n/a,n/a,n/a,n/a,nan,nan,nan,nan,15.668739700317383,n/a,n/a,n/a,n/a,n/a,15.668739700317383,0.19659809157252311,-8.461838035583495,0.10109697729349136,-3.0,9400,3.1613807678222656,n/a,n/a,16.512712717056274
94,9500.0,23.0,nan,nan,nan,nan,nan,nan,nan,nan,nan,n/a,nan,nan,n/a,nan,nan,n/a,nan,nan,nan,nan,nan,nan,n/a,n/a,n/a,n/a,n/a,n/a,n/a,n/a,nan,nan,nan,nan,16.710752086639403,n/a,n/a,n/a,n/a,n/a,16.710752086639403,0.19292660854756832,-8.430920162200927,0.09839696444571018,-3.0,9500,3.177196502685547,n/a,n/a,16.34464120864868
95,9600.0,24.0,-774.5386139242479,400.0,0.0,0.0,0.0,0.0,0.0,2530.3070597751425,1152.7212640781713,n/a,0.0,0.0,n/a,0.0,5.0,n/a,13.034122016939163,91.73013127431734,1605.6352343250796,1.0711148821710006,31.165885117829024,0.0,n/a,n/a,n/a,n/a,n/a,n/a,n/a,n/a,0.025833333333333333,0.455,0.0,0.0,17.32827151298523,n/a,n/a,n/a,n/a,n/a,17.32827151298523,0.18289487041532992,-8.42345320701599,0.0957870452105999,-3.0,9600,3.192859649658203,n/a,n/a,16.579627990722656
96,9700.0,24.0,nan,nan,nan,nan,nan,nan,nan,nan,nan,n/a,nan,nan,n/a,nan,nan,n/a,nan,nan,nan,nan,nan,nan,n/a,n/a,n/a,n/a,n/a,n/a,n/a,n/a,nan,nan,nan,nan,17.68302583694458,n/a,n/a,n/a,n/a,n/a,17.68302583694458,0.18597260862588882,-8.347122707366943,0.09325332842767238,-3.0,9700,3.209217071533203,n/a,n/a,15.893598556518555
97,9800.0,24.0,nan,nan,nan,nan,nan,nan,nan,nan,nan,n/a,nan,nan,n/a,nan,nan,n/a,nan,nan,nan,nan,nan,nan,n/a,n/a,n/a,n/a,n/a,n/a,n/a,n/a,nan,nan,nan,nan,17.98193970680237,n/a,n/a,n/a,n/a,n/a,17.98193970680237,0.19016429640352725,-8.267729139328003,0.09080508410930634,-3.0,9800,3.2250328063964844,n/a,n/a,17.76104712486267
98,9900.0,24.0,nan,nan,nan,nan,nan,nan,nan,nan,nan,n/a,nan,nan,n/a,nan,nan,n/a,nan,nan,nan,nan,nan,nan,n/a,n/a,n/a,n/a,n/a,n/a,n/a,n/a,nan,nan,nan,nan,18.230784492492674,n/a,n/a,n/a,n/a,n/a,18.230784492492674,0.18602859765291213,-8.085379643440247,0.08846098862588406,-3.0,9900,3.2412757873535156,n/a,n/a,16.192606687545776
99,10000.0,25.0,-120.31414920239601,400.0,0.0,0.0,0.0,0.0,0.0,1305.0272399529313,679.40307241453,n/a,0.0,0.0,n/a,0.0,4.0,n/a,2.211029863775414,86.81907952581,929.2534878329858,0.14287074410643208,3.7791292558936,0.0,n/a,n/a,n/a,n/a,n/a,n/a,n/a,n/a,0.011666666666666667,0.72,0.0,0.0,18.58726350784302,n/a,n/a,n/a,n/a,n/a,18.58726350784302,0.18849696725606918,-7.92271478176117,0.0862176063656807,-3.0,10000,3.2570533752441406,n/a,n/a,16.413414001464844
100,10100.0,25.0,nan,nan,nan,nan,nan,nan,nan,nan,nan,n/a,nan,nan,n/a,nan,nan,n/a,nan,nan,nan,nan,nan,nan,n/a,n/a,n/a,n/a,n/a,n/a,n/a,n/a,nan,nan,nan,nan,18.83146074295044,n/a,n/a,n/a,n/a,n/a,18.83146074295044,0.20004025734961034,-7.857208485603333,0.08405392587184907,-3.0,9700,3.2299232482910156,n/a,n/a,15.521667718887329
101,10200.0,25.0,nan,nan,nan,nan,nan,nan,nan,nan,nan,n/a,nan,nan,n/a,nan,nan,n/a,nan,nan,nan,nan,nan,nan,n/a,n/a,n/a,n/a,n/a,n/a,n/a,n/a,nan,nan,nan,nan,19.3514187335968,n/a,n/a,n/a,n/a,n/a,19.3514187335968,0.19415503352880478,-7.9508334922790525,0.08195124350488187,-3.0,9800,3.2395858764648438,n/a,n/a,16.327555894851685
